"Date","Facebook","Twitter","Instagram","Pinterest","YouTube","reddit","LinkedIn","Tumblr","Fark","news.ycombinator.com","StumbleUpon","Sina Weibo","VKontakte","Other"
2022-10,56.86,12.84,10.86,15.34,2.17,1.11,0.38,0.3,0.07,0.05,0.01,0.01,0.01,0
2022-11,51.83,13.25,13.49,16.25,2.14,1.94,0.45,0.45,0.09,0.1,0.01,0.01,0.01,0
2022-12,49.93,14.87,14.84,15.85,2.13,1.55,0.37,0.31,0.09,0.04,0.01,0.01,0.01,0
2023-01,52.67,18.87,11.64,12.67,2.02,1.06,0.68,0.29,0.04,0.03,0.01,0.03,0.01,0
2023-02,55.1,16.48,12.26,12.34,1.94,0.92,0.49,0.29,0.06,0.05,0.02,0.02,0.01,0
2023-03,53.09,16.25,13.85,12.77,2.08,0.91,0.6,0.28,0.06,0.04,0.03,0.03,0.01,0
2023-04,51.95,19.47,13.38,11.46,1.86,0.96,0.49,0.27,0.07,0.04,0.02,0.02,0.01,0
2023-05,50.87,19.74,14.72,10.75,1.99,0.95,0.49,0.35,0.07,0.02,0.01,0.01,0.02,0
2023-06,48.25,21.83,15.91,10.01,2.12,0.92,0.53,0.29,0.07,0.03,0.01,0.01,0.02,0.01
2023-07,52.09,14.49,15.78,13.45,1.91,1.38,0.53,0.27,0.05,0,0,0.01,0.02,0.02
2023-08,49.9,14.63,15.85,14.69,2.29,1.66,0.62,0.26,0.08,0,0,0,0.01,0.01
2023-09,49.56,14.67,14.96,16.66,2.02,1.18,0.61,0.24,0.05,0,0.01,0,0.03,0
2023-10,48.01,13.77,14.01,20.15,2.27,0.71,0.74,0.26,0.07,0,0.01,0,0.01,0
